from	imgt_gene
TCRBJ01-04	TRBJ1-4
TCRBV05-07	TRBV5-7
TCRAV18	TRAV18
TCRAV18-01	TRAV18
TCRAJ25	TRAJ25
TCRAJ25-01	TRAJ25
TCRBV16	TRBV16
TCRBV16-01	TRBV16
TCRBV04-01	TRBV4-1
TCRBV04	TRBV4-1
TCRBV04-X	TRBV4-1
TCRBV18	TRBV18
TCRBV18-01	TRBV18
TCRGJP-01	TRGJP
TCRBV04-02	TRBV4-2
TCRBV06-01	TRBV6-1
TCRBV06	TRBV6-1
TCRBV06-X	TRBV6-1
TCRAJ44	TRAJ44
TCRAJ44-01	TRAJ44
TCRBD01	TRBD1
TCRBD01-01	TRBD1
TCRBV10-02	TRBV10-2
TCRAJ11	TRAJ11
TCRAJ11-01	TRAJ11
TCRAJ19	TRAJ19
TCRAJ19-01	TRAJ19
TCRBV17	TRBV17
TCRBV17-01	TRBV17
TCRAV10	TRAV10
TCRAV10-01	TRAV10
TCRAJ22	TRAJ22
TCRAJ22-01	TRAJ22
TCRAV27	TRAV27
TCRAV27-01	TRAV27
TCRAV12-02	TRAV12-2
TCRAV03	TRAV3
TCRAV03-01	TRAV3
TCRBV07-02	TRBV7-2
TCRBV05-06	TRBV5-6
TCRBJ02-01	TRBJ2-1
TCRBJ02	TRBJ2-1
TCRBJ02-X	TRBJ2-1
TCRAV09-01	TRAV9-1
TCRAV09	TRAV9-1
TCRAV09-X	TRAV9-1
TCRAV09-02	TRAV9-2
TCRAJ15	TRAJ15
TCRAJ15-01	TRAJ15
TCRBV05-01	TRBV5-1
TCRBV05	TRBV5-1
TCRBV05-X	TRBV5-1
	TRBV23/OR9-2
TCRAV35	TRAV35
TCRAV35-01	TRAV35
TCRDV02	TRDV2
TCRDV02-01	TRDV2
	TRBV21/OR9-2
TCRAV08-07	TRAV8-7
TCRBV12-02	TRBV12-2
TCRAJ23	TRAJ23
TCRAJ23-01	TRAJ23
TCRBV03-01/03-02	TRBV3-1
TCRBV03-01	TRBV3-1
TCRBV03	TRBV3-1
TCRBV03-X	TRBV3-1
TCRAV01-02	TRAV1-2
	TRBV20/OR9-2
TCRAJ47	TRAJ47
TCRAJ47-01	TRAJ47
TCRAJ13	TRAJ13
TCRAJ13-01	TRAJ13
TCRAJ07	TRAJ7
TCRAJ07-01	TRAJ7
TCRBV13	TRBV13
TCRBV13-01	TRBV13
TCRAJ26	TRAJ26
TCRAJ26-01	TRAJ26
TCRDV03	TRDV3
TCRDV03-01	TRDV3
TCRDV01	TRDV1
TCRDV01-01	TRDV1
TCRBV07-05	TRBV7-1
TCRBV07-01	TRBV7-1
TCRBV07	TRBV7-1
TCRBV07-X	TRBV7-1
TCRBV07-08	TRBV7-8
TCRBV27	TRBV27
TCRBV27-01	TRBV27
TCRDJ04	TRDJ4
TCRDJ04-01	TRDJ4
TCRBV06-02/06-03	TRBV6-2
TCRBV06-02	TRBV6-2
TCRDJ01	TRDJ1
TCRDJ01-01	TRDJ1
TCRAV19	TRAV19
TCRAV19-01	TRAV19
TCRAJ38	TRAJ38
TCRAJ38-01	TRAJ38
TCRBV09	TRBV9
TCRBV09-01	TRBV9
TCRAJ20	TRAJ20
TCRAJ20-01	TRAJ20
TCRBJ01-02	TRBJ1-2
TCRAJ17	TRAJ17
TCRAJ17-01	TRAJ17
TCRGJP1-01	TRGJP1
TCRBV24-01	TRBV24-1
TCRBV24	TRBV24-1
TCRBV24-X	TRBV24-1
TCRAV16	TRAV16
TCRAV16-01	TRAV16
TCRAV14-01	TRAV14/DV4
TCRAJ01	TRAJ1
TCRAJ01-01	TRAJ1
TCRBV11-03	TRBV11-3
TCRAV08-01	TRAV8-1
TCRAV08	TRAV8-1
TCRAV08-X	TRAV8-1
TCRDD01	TRDD1
TCRDD01-01	TRDD1
TCRBV12-04	TRBV12-4
TCRBV01	TRBV1
TCRBV01-01	TRBV1
TCRBJ02-02	TRBJ2-2
TCRAV11	TRAV11
TCRAV11-01	TRAV11
TCRAV20	TRAV20
TCRAV20-01	TRAV20
TCRAV36-01	TRAV36/DV7
TCRBV29-01	TRBV29-1
TCRBV29	TRBV29-1
TCRBV29-X	TRBV29-1
TCRAV40	TRAV40
TCRAV40-01	TRAV40
TCRAV41	TRAV41
TCRAV41-01	TRAV41
TCRBV06-07	TRBV6-7
TCRBJ01-06	TRBJ1-6
TCRAJ52	TRAJ52
TCRAJ52-01	TRAJ52
TCRAV26-02	TRAV26-2
TCRAJ08	TRAJ8
TCRAJ08-01	TRAJ8
TCRAJ41	TRAJ41
TCRAJ41-01	TRAJ41
TCRBV12-03/12-04	TRBV12-1
TCRBV12-01	TRBV12-1
TCRBV12	TRBV12-1
TCRBV12-X	TRBV12-1
TCRGV01	TRGV1
TCRGV01-01	TRGV1
	TRBV29/OR9-2
TCRBV14	TRBV14
TCRBV14-01	TRBV14
TCRBV05-08	TRBV5-8
TCRAV23-01	TRAV23/DV6
TCRAJ57	TRAJ57
TCRAJ57-01	TRAJ57
TCRGV04	TRGV4
TCRGV04-01	TRGV4
TCRAV24	TRAV24
TCRAV24-01	TRAV24
TCRBV02	TRBV2
TCRBV02-01	TRBV2
TCRAV22	TRAV22
TCRAV22-01	TRAV22
TCRDJ03	TRDJ3
TCRDJ03-01	TRDJ3
TCRDJ02	TRDJ2
TCRDJ02-01	TRDJ2
TCRAV29-01	TRAV29/DV5
TCRAJ34	TRAJ34
TCRAJ34-01	TRAJ34
TCRAV07	TRAV7
TCRAV07-01	TRAV7
TCRGV11	TRGV11
TCRGV11-01	TRGV11
TCRBJ02-07	TRBJ2-7
TCRAV13-01	TRAV13-1
TCRAV13	TRAV13-1
TCRAV13-X	TRAV13-1
TCRAV01-01	TRAV1-1
TCRAV01	TRAV1-1
TCRAV01-X	TRAV1-1
TCRBD02	TRBD2
TCRBD02-01	TRBD2
TCRAJ36	TRAJ36
TCRAJ36-01	TRAJ36
TCRAV13-02	TRAV13-2
TCRAV34	TRAV34
TCRAV34-01	TRAV34
TCRBV10-03	TRBV10-3
TCRAV12-01	TRAV12-1
TCRAV12	TRAV12-1
TCRAV12-X	TRAV12-1
TCRAJ30	TRAJ30
TCRAJ30-01	TRAJ30
TCRGV05	TRGV5
TCRGV05-01	TRGV5
TCRAV26-01	TRAV26-1
TCRAV26	TRAV26-1
TCRAV26-X	TRAV26-1
TCRBV05-05	TRBV5-5
TCRAJ51	TRAJ51
TCRAJ51-01	TRAJ51
TCRAJ46	TRAJ46
TCRAJ46-01	TRAJ46
TCRBV21-01	TRBV21-1
TCRBV21	TRBV21-1
TCRBV21-X	TRBV21-1
TCRAJ53	TRAJ53
TCRAJ53-01	TRAJ53
TCRGJ01	TRGJ1
TCRGJ01-01	TRGJ1
TCRAV06	TRAV6
TCRAV06-01	TRAV6
TCRAJ31	TRAJ31
TCRAJ31-01	TRAJ31
TCRGV03	TRGV3
TCRGV03-01	TRGV3
	TRBV24/OR9-2
	TRGVA
TCRAJ61	TRAJ61
TCRAJ61-01	TRAJ61
TCRAV08-03	TRAV8-3
TCRBV30	TRBV30
TCRBV30-01	TRBV30
TCRBJ02-04	TRBJ2-4
TCRAV05	TRAV5
TCRAV05-01	TRAV5
TCRBV06-08	TRBV6-8
TCRAJ42	TRAJ42
TCRAJ42-01	TRAJ42
TCRBJ02-05	TRBJ2-5
TCRAV08-04	TRAV8-4
TCRAJ03	TRAJ3
TCRAJ03-01	TRAJ3
TCRAJ32	TRAJ32
TCRAJ32-01	TRAJ32
TCRAJ49	TRAJ49
TCRAJ49-01	TRAJ49
TCRAV30	TRAV30
TCRAV30-01	TRAV30
TCRBV06-04	TRBV6-4
TCRBV12-05	TRBV12-5
TCRBV06-03	TRBV6-3
TCRAV21	TRAV21
TCRAV21-01	TRAV21
TCRAJ16	TRAJ16
TCRAJ16-01	TRAJ16
TCRAJ58	TRAJ58
TCRAJ58-01	TRAJ58
TCRAV02	TRAV2
TCRAV02-01	TRAV2
TCRBV05-03	TRBV5-3
TCRBV20-01	TRBV20-1
TCRBV20	TRBV20-1
TCRBV20-X	TRBV20-1
TCRDD03	TRDD3
TCRDD03-01	TRDD3
TCRAJ48	TRAJ48
TCRAJ48-01	TRAJ48
TCRBJ02-06	TRBJ2-6
TCRBV07-09	TRBV7-9
TCRAJ54	TRAJ54
TCRAJ54-01	TRAJ54
TCRBV07-03	TRBV7-3
TCRBV05-04	TRBV5-4
TCRBV07-06	TRBV7-6
TCRAV08-06	TRAV8-6
TCRAJ59	TRAJ59
TCRAJ59-01	TRAJ59
TCRBV10-01	TRBV10-1
TCRBV10	TRBV10-1
TCRBV10-X	TRBV10-1
TCRGV05P-01	TRGV5P
TCRAJ10	TRAJ10
TCRAJ10-01	TRAJ10
TCRAV25	TRAV25
TCRAV25-01	TRAV25
TCRGV02	TRGV2
TCRGV02-01	TRGV2
TCRAV04	TRAV4
TCRAV04-01	TRAV4
TCRBJ01-01	TRBJ1-1
TCRBJ01	TRBJ1-1
TCRBJ01-X	TRBJ1-1
TCRBV11-02	TRBV11-2
TCRAV38-01	TRAV38-1
TCRAV38	TRAV38-1
TCRAV38-X	TRAV38-1
TCRAJ28	TRAJ28
TCRAJ28-01	TRAJ28
TCRGV08	TRGV8
TCRGV08-01	TRGV8
TCRAJ33	TRAJ33
TCRAJ33-01	TRAJ33
TCRBV04-03	TRBV4-3
TCRBV03-02	TRBV3-2
TCRBV07-07	TRBV7-7
TCRAJ18	TRAJ18
TCRAJ18-01	TRAJ18
TCRBJ01-03	TRBJ1-3
TCRGV10	TRGV10
TCRGV10-01	TRGV10
TCRAJ45	TRAJ45
TCRAJ45-01	TRAJ45
TCRAJ35	TRAJ35
TCRAJ35-01	TRAJ35
TCRGJP2-01	TRGJP2
TCRBJ02-03	TRBJ2-3
TCRBV11-01	TRBV11-1
TCRBV11	TRBV11-1
TCRBV11-X	TRBV11-1
TCRAJ60	TRAJ60
TCRAJ60-01	TRAJ60
TCRBV06-09	TRBV6-9
TCRAJ04	TRAJ4
TCRAJ04-01	TRAJ4
TCRBV06-06	TRBV6-6
TCRBV23-01	TRBV23-1
TCRBV23	TRBV23-1
TCRBV23-X	TRBV23-1
TCRAJ43	TRAJ43
TCRAJ43-01	TRAJ43
TCRAV17	TRAV17
TCRAV17-01	TRAV17
TCRBV25-01	TRBV25-1
TCRBV25	TRBV25-1
TCRBV25-X	TRBV25-1
TCRAV08-02	TRAV8-2
TCRBV06-05	TRBV6-5
TCRAJ29	TRAJ29
TCRAJ29-01	TRAJ29
TCRAJ27	TRAJ27
TCRAJ27-01	TRAJ27
TCRAJ09	TRAJ9
TCRAJ09-01	TRAJ9
TCRAJ40	TRAJ40
TCRAJ40-01	TRAJ40
TCRBV15	TRBV15
TCRBV15-01	TRBV15
TCRBV28	TRBV28
TCRBV28-01	TRBV28
TCRBV12-03	TRBV12-3
TCRAJ06	TRAJ6
TCRAJ06-01	TRAJ6
TCRAJ02	TRAJ2
TCRAJ02-01	TRAJ2
TCRGJ02	TRGJ2
TCRGJ02-01	TRGJ2
TCRGV09	TRGV9
TCRGV09-01	TRGV9
	TRBJ2-2P
TCRAJ56	TRAJ56
TCRAJ56-01	TRAJ56
TCRBV19	TRBV19
TCRBV19-01	TRBV19
TCRAJ14	TRAJ14
TCRAJ14-01	TRAJ14
TCRBV26	TRBV26
TCRBV26-01	TRBV26
TCRAJ50	TRAJ50
TCRAJ50-01	TRAJ50
TCRAJ37	TRAJ37
TCRAJ37-01	TRAJ37
TCRBV07-04	TRBV7-4
TCRDD02	TRDD2
TCRDD02-01	TRDD2
TCRAJ05	TRAJ5
TCRAJ05-01	TRAJ5
TCRAJ24	TRAJ24
TCRAJ24-01	TRAJ24
TCRAJ39	TRAJ39
TCRAJ39-01	TRAJ39
TCRAV12-03	TRAV12-3
TCRAJ12	TRAJ12
TCRAJ12-01	TRAJ12
TCRAV39	TRAV39
TCRAV39-01	TRAV39
TCRAJ21	TRAJ21
TCRAJ21-01	TRAJ21
TCRBJ01-05	TRBJ1-5
TCRAV38-02	TRAV38-2/DV8
TCRAJ55	TRAJ55
TCRAJ55-01	TRAJ55
TCRBV20-or09_02	TRBV20/OR9-2
TCRBV21-or09_02	TRBV21/OR9-2
TCRBV22-or09_02	TRBV22/OR9-2
TCRBV23-or09_02	TRBV23/OR9-2
TCRBV24-or09_02	TRBV24/OR9-2
TCRBV25-or09_02	TRBV25/OR9-2
TCRBV26-or09_02	TRBV26/OR9-2
TCRBV29-or09_02	TRBV29/OR9-2
TCRBV08-01	TRBV8
TCRBV08	TRBV8
TCRBJ02-02P	TRBJ2-2P
TRBV1-1	TRBV1
TRBV2-1	TRBV2
TRBV9-1	TRBV9
TRBV13-1	TRBV13
TRBV14-1	TRBV14
TRBV15-1	TRBV15
TRBV16-1	TRBV16
TRBV18-1	TRBV18
TRBV19-1	TRBV19
TRBV26-1	TRBV26
TRBV27-1	TRBV27
TRBV28-1	TRBV28
TRBV30-1	TRBV30